{
    "classification_metrics": {
        "roc_auc": 0.9379228206932565,
        "roc_auc_std": 0.00226375098300158,
        "pr_auc": 0.5771399431770544,
        "pr_auc_std": 0.011854795254064018,
        "best_threshold": {
            "thr": 0.19,
            "precision": 0.4552735014657183,
            "recall": 0.7060900605310078,
            "f1": 0.5535976927938077
        }
    }
}